Date,Year,Month,Month_Name,Quarter,Fiscal_Year,Month_Index
2019-05-01,2019,5,May 2019,Q2,FY19/20,24233
2019-06-01,2019,6,Jun 2019,Q2,FY19/20,24234
2019-07-01,2019,7,Jul 2019,Q3,FY19/20,24235
2019-08-01,2019,8,Aug 2019,Q3,FY19/20,24236
2019-09-01,2019,9,Sep 2019,Q3,FY19/20,24237
2019-10-01,2019,10,Oct 2019,Q4,FY19/20,24238
2019-11-01,2019,11,Nov 2019,Q4,FY19/20,24239
2019-12-01,2019,12,Dec 2019,Q4,FY19/20,24240
2020-01-01,2020,1,Jan 2020,Q1,FY19/20,24241
2020-02-01,2020,2,Feb 2020,Q1,FY19/20,24242
2020-03-01,2020,3,Mar 2020,Q1,FY19/20,24243
2020-04-01,2020,4,Apr 2020,Q2,FY19/20,24244
2020-05-01,2020,5,May 2020,Q2,FY20/21,24245
2020-06-01,2020,6,Jun 2020,Q2,FY20/21,24246
2020-07-01,2020,7,Jul 2020,Q3,FY20/21,24247
2020-08-01,2020,8,Aug 2020,Q3,FY20/21,24248
2020-09-01,2020,9,Sep 2020,Q3,FY20/21,24249
2020-10-01,2020,10,Oct 2020,Q4,FY20/21,24250
2020-11-01,2020,11,Nov 2020,Q4,FY20/21,24251
2020-12-01,2020,12,Dec 2020,Q4,FY20/21,24252
2021-01-01,2021,1,Jan 2021,Q1,FY20/21,24253
2021-02-01,2021,2,Feb 2021,Q1,FY20/21,24254
2021-03-01,2021,3,Mar 2021,Q1,FY20/21,24255
2021-04-01,2021,4,Apr 2021,Q2,FY20/21,24256
2021-05-01,2021,5,May 2021,Q2,FY21/22,24257
2021-06-01,2021,6,Jun 2021,Q2,FY21/22,24258
2021-07-01,2021,7,Jul 2021,Q3,FY21/22,24259
2021-08-01,2021,8,Aug 2021,Q3,FY21/22,24260
2021-09-01,2021,9,Sep 2021,Q3,FY21/22,24261
2021-10-01,2021,10,Oct 2021,Q4,FY21/22,24262
2021-11-01,2021,11,Nov 2021,Q4,FY21/22,24263
2021-12-01,2021,12,Dec 2021,Q4,FY21/22,24264
2022-01-01,2022,1,Jan 2022,Q1,FY21/22,24265
2022-02-01,2022,2,Feb 2022,Q1,FY21/22,24266
2022-03-01,2022,3,Mar 2022,Q1,FY21/22,24267
2022-04-01,2022,4,Apr 2022,Q2,FY21/22,24268
2022-05-01,2022,5,May 2022,Q2,FY22/23,24269
2022-06-01,2022,6,Jun 2022,Q2,FY22/23,24270
2022-07-01,2022,7,Jul 2022,Q3,FY22/23,24271
2022-08-01,2022,8,Aug 2022,Q3,FY22/23,24272
2022-09-01,2022,9,Sep 2022,Q3,FY22/23,24273
2022-10-01,2022,10,Oct 2022,Q4,FY22/23,24274
2022-11-01,2022,11,Nov 2022,Q4,FY22/23,24275
2022-12-01,2022,12,Dec 2022,Q4,FY22/23,24276
2023-01-01,2023,1,Jan 2023,Q1,FY22/23,24277
2023-02-01,2023,2,Feb 2023,Q1,FY22/23,24278
2023-03-01,2023,3,Mar 2023,Q1,FY22/23,24279
2023-04-01,2023,4,Apr 2023,Q2,FY22/23,24280
2023-05-01,2023,5,May 2023,Q2,FY23/24,24281
2023-06-01,2023,6,Jun 2023,Q2,FY23/24,24282
2023-07-01,2023,7,Jul 2023,Q3,FY23/24,24283
2023-08-01,2023,8,Aug 2023,Q3,FY23/24,24284
2023-09-01,2023,9,Sep 2023,Q3,FY23/24,24285
2023-10-01,2023,10,Oct 2023,Q4,FY23/24,24286
2023-11-01,2023,11,Nov 2023,Q4,FY23/24,24287
2023-12-01,2023,12,Dec 2023,Q4,FY23/24,24288
2024-01-01,2024,1,Jan 2024,Q1,FY23/24,24289
2024-02-01,2024,2,Feb 2024,Q1,FY23/24,24290
2024-03-01,2024,3,Mar 2024,Q1,FY23/24,24291
2024-04-01,2024,4,Apr 2024,Q2,FY23/24,24292
2024-05-01,2024,5,May 2024,Q2,FY24/25,24293
2024-06-01,2024,6,Jun 2024,Q2,FY24/25,24294
2024-07-01,2024,7,Jul 2024,Q3,FY24/25,24295
2024-08-01,2024,8,Aug 2024,Q3,FY24/25,24296
2024-09-01,2024,9,Sep 2024,Q3,FY24/25,24297
2024-10-01,2024,10,Oct 2024,Q4,FY24/25,24298
2024-11-01,2024,11,Nov 2024,Q4,FY24/25,24299
2024-12-01,2024,12,Dec 2024,Q4,FY24/25,24300
2025-01-01,2025,1,Jan 2025,Q1,FY24/25,24301
2025-02-01,2025,2,Feb 2025,Q1,FY24/25,24302
2025-03-01,2025,3,Mar 2025,Q1,FY24/25,24303
2025-04-01,2025,4,Apr 2025,Q2,FY24/25,24304
2025-05-01,2025,5,May 2025,Q2,FY25/26,24305
2025-06-01,2025,6,Jun 2025,Q2,FY25/26,24306
2025-07-01,2025,7,Jul 2025,Q3,FY25/26,24307
2025-08-01,2025,8,Aug 2025,Q3,FY25/26,24308
2025-09-01,2025,9,Sep 2025,Q3,FY25/26,24309
2025-10-01,2025,10,Oct 2025,Q4,FY25/26,24310
2025-11-01,2025,11,Nov 2025,Q4,FY25/26,24311
2025-12-01,2025,12,Dec 2025,Q4,FY25/26,24312
2026-01-01,2026,1,Jan 2026,Q1,FY25/26,24313
2026-02-01,2026,2,Feb 2026,Q1,FY25/26,24314
2026-03-01,2026,3,Mar 2026,Q1,FY25/26,24315
2026-04-01,2026,4,Apr 2026,Q2,FY25/26,24316
2026-05-01,2026,5,May 2026,Q2,FY26/27,24317
2026-06-01,2026,6,Jun 2026,Q2,FY26/27,24318
2026-07-01,2026,7,Jul 2026,Q3,FY26/27,24319
2026-08-01,2026,8,Aug 2026,Q3,FY26/27,24320
2026-09-01,2026,9,Sep 2026,Q3,FY26/27,24321
2026-10-01,2026,10,Oct 2026,Q4,FY26/27,24322
2026-11-01,2026,11,Nov 2026,Q4,FY26/27,24323
2026-12-01,2026,12,Dec 2026,Q4,FY26/27,24324
