KPI_ID,Date,Numerator,Denominator
1.3,2019-05-01,6.695,
1.3,2019-06-01,6.695,
1.3,2019-07-01,6.695,
1.3,2019-08-01,6.695,
1.3,2019-09-01,6.695,
1.3,2019-10-01,6.695,
1.3,2019-11-01,6.695,
1.3,2019-12-01,6.695,
1.3,2020-01-01,7.195,
1.3,2020-02-01,7.195,
1.3,2020-03-01,7.095000000000001,
1.3,2020-04-01,7.095,
1.3,2020-05-01,7.095000000000001,
1.3,2020-06-01,6.143000000000001,
1.3,2020-07-01,6.345000000000001,
1.3,2020-08-01,6.345000000000001,
1.3,2020-09-01,6.345000000000001,
1.3,2020-10-01,6.345000000000001,
1.3,2020-11-01,6.282500000000001,
1.3,2020-12-01,6.4015,
1.3,2021-01-01,6.532500000000001,
1.3,2021-02-01,6.532500000000001,
1.3,2021-03-01,6.532500000000001,
1.3,2021-04-01,6.532500000000001,
1.3,2021-05-01,6.532500000000001,
1.3,2021-06-01,6,
1.3,2021-07-01,6,
1.3,2021-08-01,6,
1.3,2021-09-01,6,
1.3,2021-10-01,6,
1.3,2021-11-01,6,
1.3,2021-12-01,6,
1.3,2022-01-01,6.75,
1.3,2022-02-01,6.75,
1.3,2022-03-01,6.75,
1.3,2022-04-01,6.75,
1.3,2022-05-01,6.75,
1.3,2022-06-01,6.75,
1.3,2022-07-01,6.75,
1.3,2022-08-01,6.75,
1.3,2022-09-01,6.75,
1.3,2022-10-01,6.25,
1.3,2022-11-01,5.75,
1.3,2022-12-01,5.75,
1.3,2023-01-01,5.75,
1.3,2023-02-01,5.75,
1.3,2023-03-01,5.88,
1.3,2023-04-01,5.88,
1.3,2023-05-01,5.326184913217623,
1.3,2023-06-01,5.326184913217623,
1.3,2023-07-01,5.326184913217623,
1.3,2023-08-01,5.326184913217623,
1.3,2023-09-01,5.326184913217623,
1.3,2023-10-01,4.82618491321762,
1.3,2023-11-01,4.82618491321762,
1.3,2023-12-01,4.82618491321762,
1.3,2024-01-01,4.82618491321762,
1.3,2024-02-01,4.82618491321762,
1.3,2024-03-01,4.82618491321762,
1.3,2024-04-01,4.82618491321762,
1.3,2024-05-01,4.82618491321762,
1.3,2024-06-01,4.83,
1.3,2024-07-01,4.83,
1.3,2024-08-01,4.83,
1.3,2024-09-01,4.83,
1.3,2024-10-01,4.826184913217623,
1.3,2024-11-01,4.826184913217623,
1.3,2024-12-01,4.826184913217623,
1.3,2025-01-01,4.826184913217623,
1.3,2025-02-01,4.826184913217623,
1.3,2025-03-01,4.826184913217623,
1.3,2025-04-01,4.826184913217623,
1.4,2019-05-01,11508,6.695
1.4,2019-06-01,9567,6.695
1.4,2019-07-01,12587,6.695
1.4,2019-08-01,11821,6.695
1.4,2019-09-01,11006,6.695
1.4,2019-10-01,11449,6.695
1.4,2019-11-01,12629,6.695
1.4,2019-12-01,10414,6.695
1.4,2020-01-01,12964,7.195
1.4,2020-02-01,12296,7.195
1.4,2020-03-01,13005,7.095000000000001
1.4,2020-04-01,11907,7.095
1.4,2020-05-01,10354,7.095000000000001
1.4,2020-06-01,10457,6.143000000000001
1.4,2020-07-01,12441,6.345000000000001
1.4,2020-08-01,11346,6.345000000000001
1.4,2020-09-01,12358,6.345000000000001
1.4,2020-10-01,12477,6.345000000000001
1.4,2020-11-01,12818,6.282500000000001
1.4,2020-12-01,11570,6.4015
1.4,2021-01-01,12213,6.532500000000001
1.4,2021-02-01,12111,6.532500000000001
1.4,2021-03-01,13945,6.532500000000001
1.4,2021-04-01,12342,6.532500000000001
1.4,2021-05-01,11317,6.532500000000001
1.4,2021-06-01,12592,6
1.4,2021-07-01,13756,6
1.4,2021-08-01,12769,6
1.4,2021-09-01,13718,6
1.4,2021-10-01,13216,6
1.4,2021-11-01,12493,6
1.4,2021-12-01,10038,6
1.4,2022-01-01,13859,6.75
1.4,2022-02-01,12192,6.75
1.4,2022-03-01,14739,6.75
1.4,2022-04-01,13492,6.75
1.4,2022-05-01,12532,6.75
1.4,2022-06-01,12532,6.75
1.4,2022-07-01,12644,6.75
1.4,2022-08-01,12519,6.75
1.4,2022-09-01,11935,6.75
1.4,2022-10-01,11951,6.25
1.4,2022-11-01,11252,5.75
1.4,2022-12-01,10505,5.75
1.4,2023-01-01,12225,5.75
1.4,2023-02-01,11717,5.75
1.4,2023-03-01,12785,5.88
1.4,2023-04-01,11258,5.88
1.4,2023-05-01,11227,5.326184913217623
1.4,2023-06-01,11227,5.326184913217623
1.4,2023-07-01,11790,5.326184913217623
1.4,2023-08-01,11709,5.326184913217623
1.4,2023-09-01,10866,5.326184913217623
1.4,2023-10-01,11514,4.82618491321762
1.4,2023-11-01,11750,4.82618491321762
1.4,2023-12-01,9391,4.82618491321762
1.4,2024-01-01,11516,4.82618491321762
1.4,2024-02-01,11731,4.82618491321762
1.4,2024-03-01,11537,4.82618491321762
1.4,2024-04-01,11839,4.82618491321762
1.4,2024-05-01,10242,4.82618491321762
1.4,2024-06-01,10809,4.83
1.4,2024-07-01,12154,4.83
1.4,2024-08-01,11365,4.83
1.4,2024-09-01,10557,4.83
1.4,2024-10-01,11797,4.826184913217623
1.4,2024-11-01,10973,4.826184913217623
1.4,2024-12-01,8997,4.826184913217623
1.4,2025-01-01,11595,4.826184913217623
1.4,2025-02-01,11454,4.826184913217623
1.4,2025-03-01,12268,4.826184913217623
1.4,2025-04-01,10990,4.826184913217623
1.4,2025-05-01,10695,4.826184913217623
1.4,2025-06-01,10115,4.826184913217623
1.4,2025-07-01,11357,4.826184913217623
1.4,2025-08-01,9832,4.826184913217623
1.4,2025-09-01,11222,4.826184913217623
1.4,2025-10-01,11117,4.33
1.4,2025-11-01,10790,4.33
1.4,2025-12-01,9741,4.33
1.4,2026-01-01,10194,4.33
1.4,2026-02-01,10834,4.33
1.4,2026-03-01,11616,4.33
1.4,2026-04-01,10190,4.33
1.4,2026-05-01,8784,4.33
1.4,2026-06-01,11729,4.32
1.4,2026-07-01,11998,4.32
2.1,2019-05-01,5881,10901
2.1,2019-06-01,4929,8682
2.1,2019-07-01,5747,8690
2.1,2019-08-01,6003,9086
2.1,2019-09-01,5180,8646
2.1,2019-10-01,5323,7430
2.1,2019-11-01,6785,9825
2.1,2019-12-01,7038,9390
2.1,2020-01-01,5691,7792
2.1,2020-02-01,7833,9984
2.1,2020-03-01,7217,8736
2.1,2020-04-01,7504,9219
2.1,2020-05-01,7444,9010
2.1,2020-06-01,6662,7831
2.1,2020-07-01,7448,8369
2.1,2020-08-01,7597,8262
2.1,2020-09-01,7705,8542
2.1,2020-10-01,7629,8555
2.1,2020-11-01,8580,9454
2.1,2020-12-01,8973,9675
2.1,2021-01-01,6756,7470
2.1,2021-02-01,8529,9257
2.1,2021-03-01,8699,9584
2.1,2021-04-01,7814,8766
2.1,2021-05-01,8780,9861
2.1,2021-06-01,7925,8896
2.1,2021-07-01,9601,10450
2.1,2021-08-01,9438,10523
2.1,2021-09-01,9861,11141
2.1,2021-10-01,8717,9825
2.1,2021-11-01,8911,10036
2.1,2021-12-01,11020,12326
2.1,2022-01-01,7086,9357
2.1,2022-02-01,8973,10410
2.1,2022-03-01,9055,9727
2.1,2022-04-01,8687,9684
2.1,2022-05-01,9027,9780
2.1,2022-06-01,8083,8905
2.1,2022-07-01,8210,9166
2.1,2022-08-01,8107,8923
2.1,2022-09-01,8274,9220
2.1,2022-10-01,7132,8109
2.1,2022-11-01,7959,8956
2.1,2022-12-01,8011,8824
2.1,2023-01-01,6930,7824
2.1,2023-02-01,8385,9331
2.1,2023-03-01,7733,8165
2.1,2023-04-01,6549,7772
2.1,2023-05-01,7378,9203
2.1,2023-06-01,7395,8166
2.1,2023-07-01,7691,8501
2.1,2023-08-01,7792,8420
2.1,2023-09-01,7448,8295
2.1,2023-10-01,6540,7095
2.1,2023-11-01,5909,6874
2.1,2023-12-01,6325,6919
2.1,2024-01-01,6445,7072
2.1,2024-02-01,6079,6673
2.1,2024-03-01,6252,6564
2.1,2024-04-01,5681,6443
2.1,2024-05-01,5296,6478
2.1,2024-06-01,6203,6795
2.1,2024-07-01,6425,6949
2.1,2024-08-01,7775,8638
2.1,2024-09-01,6911,7586
2.1,2024-10-01,5894,6375
2.1,2024-11-01,5801,6384
2.1,2024-12-01,5982,6423
2.1,2025-01-01,6205,6771
2.1,2025-02-01,7865,8653
2.1,2025-03-01,7677,8451
2.1,2025-04-01,7887,8527
2.1,2025-05-01,7390,8132
2.1,2025-06-01,7544,8150
2.1,2025-07-01,7649,8214
2.1,2025-08-01,7352,8074
2.1,2025-09-01,7419,8151
2.1,2025-10-01,7374,8068
2.1,2025-11-01,7136,8411
2.1,2025-12-01,7905,8616
2.1,2026-01-01,6323,6974
2.1,2026-02-01,6145,6787
2.1,2026-03-01,6327,6637
2.1,2026-04-01,6163,6715
2.1,2026-05-01,6254,6802
2.1,2026-06-01,6467,7064
2.1,2026-07-01,6887,6608
2.51,2019-10-01,1282,4771
2.51,2019-11-01,1464,5251
2.51,2019-12-01,1273,4090
2.51,2020-01-01,1820,5331
2.51,2020-02-01,1773,5129
2.51,2020-03-01,2049,5501
2.51,2020-04-01,1768,4847
2.51,2020-05-01,1568,4256
2.51,2020-06-01,1570,4219
2.51,2020-07-01,1873,4980
2.51,2020-08-01,2373,4581
2.51,2020-09-01,2851,4998
2.51,2020-10-01,3085,5058
2.51,2020-11-01,3286,5389
2.51,2020-12-01,2856,4777
2.51,2021-01-01,3064,5086
2.51,2021-02-01,3033,5230
2.51,2021-03-01,3681,6009
2.51,2021-04-01,3042,5157
2.51,2021-05-01,2936.0000000000005,4811
2.51,2021-06-01,3241,5148
2.51,2021-07-01,3293,5644
2.51,2021-08-01,3383,5600
2.51,2021-09-01,3944,6259
2.51,2021-10-01,3241,5917
2.51,2021-11-01,3297,5681
2.51,2021-12-01,2066,4370
2.51,2022-01-01,3373,5629
2.51,2022-02-01,3211,5537
2.51,2022-03-01,4173,7327
2.51,2022-04-01,3430,5616
2.51,2022-05-01,2985,5162
2.51,2022-06-01,3171,5242
2.51,2022-07-01,3187,5256
2.51,2022-08-01,3503,5683
2.51,2022-09-01,3528,5546
2.51,2022-10-01,3289,5317
2.51,2022-11-01,3466,5928
2.51,2022-12-01,2781,4644
2.51,2023-01-01,3339,5904
2.51,2023-02-01,3236,5343
2.51,2023-03-01,3669,5713
2.51,2023-04-01,3051,4972
2.51,2023-05-01,3208,5040
2.51,2023-06-01,3088,5226
2.51,2023-07-01,2765,4983
2.51,2023-08-01,2899,5320
2.51,2023-09-01,3331,5496
2.51,2023-10-01,2824,5451
2.51,2023-11-01,3286,6193
2.51,2023-12-01,2522,4522
2.51,2024-01-01,3395,6304
2.51,2024-02-01,3775,6445
2.51,2024-03-01,3798,6298
2.51,2024-04-01,3362,6393
2.51,2024-05-01,2855,5366
2.51,2024-06-01,3231,5726
2.51,2024-07-01,3666,6526
2.51,2024-08-01,3328,6050
2.51,2024-09-01,3462,5585
2.51,2024-10-01,3922,6198
2.51,2024-11-01,3857,5774
2.51,2024-12-01,2817,4522
2.51,2025-01-01,3602,6061
2.51,2025-02-01,3684,5886
2.51,2025-03-01,4155,6506
2.51,2025-04-01,3578,5703
2.51,2025-05-01,3592,5742
2.51,2025-06-01,3416,5332
2.51,2025-07-01,4071,6050
2.51,2025-08-01,3364,5212
2.51,2025-09-01,3864,6064
2.51,2025-10-01,3795,6016
2.51,2025-11-01,3592,5935
2.51,2025-12-01,3059,4846
2.51,2026-01-01,3607,5565
2.51,2026-02-01,4062,6098
2.51,2026-03-01,4476,6482
2.51,2026-04-01,3728,5689
2.51,2026-05-01,2986,4776
2.51,2026-06-01,4162,6355
2.51,2026-07-01,6410,4097
2.52,2019-10-01,139,4910
2.52,2019-11-01,199,5450
2.52,2019-12-01,164,4254
2.52,2020-01-01,201,5532
2.52,2020-02-01,197,5326
2.52,2020-03-01,219,5720
2.52,2020-04-01,215,5062
2.52,2020-05-01,169,4425
2.52,2020-06-01,142,4361
2.52,2020-07-01,198,5178
2.52,2020-08-01,218,4799
2.52,2020-09-01,306,5304
2.52,2020-10-01,375,5433
2.52,2020-11-01,409,5798
2.52,2020-12-01,318,5095
2.52,2021-01-01,344,5430
2.52,2021-02-01,344,5574
2.52,2021-03-01,385,6394
2.52,2021-04-01,355,5512
2.52,2021-05-01,343,5154
2.52,2021-06-01,423,5571
2.52,2021-07-01,323,5967
2.52,2021-08-01,329,5929
2.52,2021-09-01,287,6259
2.52,2021-10-01,241,5917
2.52,2021-11-01,216,5681
2.52,2021-12-01,154,4524
2.52,2022-01-01,358,5987
2.52,2022-02-01,257,5794
2.52,2022-03-01,348,7675
2.52,2022-04-01,337,5616
2.52,2022-05-01,252,5414
2.52,2022-06-01,244,5486
2.52,2022-07-01,245,5501
2.52,2022-08-01,235,5918
2.52,2022-09-01,281,5827
2.52,2022-10-01,246,5563
2.52,2022-11-01,267,5661
2.52,2022-12-01,290,4934
2.52,2023-01-01,292,5904
2.52,2023-02-01,403,5633
2.52,2023-03-01,338,6051
2.52,2023-04-01,377,5349
2.52,2023-05-01,346,5386
2.52,2023-06-01,345,5571
2.52,2023-07-01,330,5313
2.52,2023-08-01,267,5587
2.52,2023-09-01,351,5847
2.52,2023-10-01,281,5732
2.52,2023-11-01,267,6460
2.52,2023-12-01,316,4838
2.52,2024-01-01,321,6625
2.52,2024-02-01,401,6846
2.52,2024-03-01,414,6712
2.52,2024-04-01,389,6782
2.52,2024-05-01,503,5869
2.52,2024-06-01,496,6222
2.52,2024-07-01,415,6941
2.52,2024-08-01,448,6498
2.52,2024-09-01,399,5984
2.52,2024-10-01,523,6721
2.52,2024-11-01,384,6158
2.52,2024-12-01,467,4989
2.52,2025-01-01,613,6674
2.52,2025-02-01,532,6418
2.52,2025-03-01,624,7130
2.52,2025-04-01,604,6307
2.52,2025-05-01,543,6285
2.52,2025-06-01,545,5877
2.52,2025-07-01,507,6557
2.52,2025-08-01,501,5713
2.52,2025-09-01,569,6633
2.52,2025-10-01,570,6586
2.52,2025-11-01,507,6442
2.52,2025-12-01,499,5345
2.52,2026-01-01,443,6008
2.52,2026-02-01,495,6593
2.52,2026-03-01,550,7032
2.52,2026-04-01,504,6193
2.52,2026-05-01,411,5187
2.52,2026-06-01,574,6929
2.52,2026-07-01,477,4574
2.52,2026-08-01,,0
2.52,2026-09-01,,0
2.52,2026-10-01,,0
2.52,2026-11-01,,0
2.52,2026-12-01,,0
2.6,2019-05-01,3638,6435
2.6,2019-06-01,2982,5381
2.6,2019-07-01,3910,7355
2.6,2019-08-01,3568,6718
2.6,2019-09-01,3483,6528
2.6,2019-10-01,3591,6539
2.6,2019-11-01,3928,7179
2.6,2019-12-01,3273,6160
2.6,2020-01-01,4191,7432
2.6,2020-02-01,4274,6970
2.6,2020-03-01,4580,7285
2.6,2020-04-01,4474,6845
2.6,2020-05-01,3815,5929
2.6,2020-06-01,3901,6096
2.6,2020-07-01,4640,7263
2.6,2020-08-01,4124,6547
2.6,2020-09-01,4555,7054
2.6,2020-10-01,4753,7044
2.6,2020-11-01,4717,7020
2.6,2020-12-01,4174,6475
2.6,2021-01-01,4437,6783
2.6,2021-02-01,4362,6537
2.6,2021-03-01,5052,7551
2.6,2021-04-01,4319,6830
2.6,2021-05-01,4112,6163
2.6,2021-06-01,4725,7021
2.6,2021-07-01,4906,7769
2.6,2021-08-01,4325,6840
2.6,2021-09-01,4648,7459
2.6,2021-10-01,4725,7058
2.6,2021-11-01,4324,7035
2.6,2021-12-01,3802,5514
2.6,2022-01-01,4470,7872
2.6,2022-02-01,3704,6655
2.6,2022-03-01,4468,7368
2.6,2022-04-01,5180,7113
2.6,2022-05-01,4859,6736
2.6,2022-06-01,4800,6693
2.6,2022-07-01,4784,6727
2.6,2022-08-01,4942,6894
2.6,2022-09-01,4209,6023
2.6,2022-10-01,4097,6304
2.6,2022-11-01,4085,5591
2.6,2022-12-01,3641,5551
2.6,2023-01-01,4283,6299
2.6,2023-02-01,4033,6056
2.6,2023-03-01,4633,6710
2.6,2023-04-01,3879,5890
2.6,2023-05-01,3839,5816
2.6,2023-06-01,3784,5634
2.6,2023-07-01,3950,5887
2.6,2023-08-01,3810,5627
2.6,2023-09-01,3194,5002
2.6,2023-10-01,3293,5290
2.6,2023-11-01,3328,5263
2.6,2023-12-01,2828,4522
2.6,2024-01-01,3593,4891
2.6,2024-02-01,3590,4885
2.6,2024-03-01,3554,4861
2.6,2024-04-01,3665,5057
2.6,2024-05-01,3349,4534
2.6,2024-06-01,3549,4748
2.6,2024-07-01,3804,5213
2.6,2024-08-01,3526,4867
2.6,2024-09-01,3346,4573
2.6,2024-10-01,3719,5076
2.6,2024-11-01,3449,4815
2.6,2024-12-01,2876,4008
2.6,2025-01-01,3441,4921
2.6,2025-02-01,3389,5036
2.6,2025-03-01,3504,5138
2.6,2025-04-01,3494,4683
2.6,2025-05-01,3398,4410
2.6,2025-06-01,3383,4238
2.6,2025-07-01,3858,4800
2.6,2025-08-01,3318,4119
2.6,2025-09-01,3618,4589
2.6,2025-10-01,3763,4531
2.6,2025-11-01,3445,4348
2.6,2025-12-01,3436,4396
2.6,2026-01-01,3395,4186
2.6,2026-02-01,3370,4241
2.6,2026-03-01,3643,4584
2.6,2026-04-01,3239,3997
2.6,2026-05-01,2821,3597
2.6,2026-06-01,3830,4800
2.6,2026-07-01,4192,5111
3.31,2020-05-01,145,
3.31,2020-06-01,86,
3.31,2020-07-01,134,
3.31,2020-08-01,156,
3.31,2020-09-01,145,
3.31,2020-10-01,149,
3.31,2020-11-01,172,
3.31,2020-12-01,260,
3.31,2021-01-01,164,
3.31,2021-02-01,175,
3.31,2021-03-01,227,
3.31,2021-04-01,129,
3.31,2021-05-01,166,
3.31,2021-06-01,316,
3.31,2021-07-01,445,
3.31,2021-08-01,478,
3.31,2021-09-01,600,
3.31,2021-10-01,557,
3.31,2021-11-01,553,
3.31,2021-12-01,1410,
3.31,2022-01-01,542,
3.31,2022-02-01,719,
3.31,2022-03-01,707,
3.31,2022-04-01,484,
3.31,2022-05-01,555,
3.31,2022-06-01,524,
3.31,2022-07-01,623,
3.31,2022-08-01,442,
3.31,2022-09-01,601,
3.31,2022-10-01,657,
3.31,2022-11-01,614,
3.31,2022-12-01,484,
3.31,2023-01-01,510,
3.31,2023-02-01,569,
3.31,2023-03-01,512,
3.31,2023-04-01,482,
3.31,2023-05-01,478,
3.31,2023-06-01,496,
3.31,2023-07-01,379,
3.31,2023-08-01,463,
3.31,2023-09-01,579,
3.31,2023-10-01,656,
3.31,2023-11-01,641,
3.31,2023-12-01,1382,
3.31,2024-01-01,674,
3.31,2024-02-01,678,
3.31,2024-03-01,836,
3.31,2024-04-01,669,
3.31,2024-05-01,663,
3.31,2024-06-01,665,
3.31,2024-07-01,579,
3.31,2024-08-01,473,
3.31,2024-09-01,567,
3.31,2024-10-01,509,
3.31,2024-11-01,665,
3.31,2024-12-01,1124,
3.31,2025-01-01,674,
3.31,2025-02-01,643,
3.31,2025-03-01,511,
3.31,2025-04-01,557,
3.31,2025-05-01,535,
3.31,2025-06-01,418,
3.31,2025-07-01,541,
3.31,2025-08-01,557,
3.31,2025-09-01,487,
3.31,2025-10-01,700,
3.31,2025-11-01,595,
3.31,2025-12-01,948,
3.31,2026-01-01,628,
3.31,2026-02-01,639,
3.31,2026-03-01,680,
3.31,2026-04-01,833,
3.31,2026-05-01,910,
3.31,2026-06-01,779,
3.31,2026-07-01,964,
3.32,2019-05-01,,11508
3.32,2019-06-01,,9567
3.32,2019-07-01,,12587
3.32,2019-08-01,,11821
3.32,2019-09-01,,11006
3.32,2019-10-01,,11449
3.32,2019-11-01,,12629
3.32,2019-12-01,,10414
3.32,2020-01-01,,12964
3.32,2020-02-01,,12296
3.32,2020-03-01,,13005
3.32,2020-04-01,,11907
3.32,2020-05-01,,10354
3.32,2020-06-01,,10457
3.32,2020-07-01,137,12441
3.32,2020-08-01,110,11346
3.32,2020-09-01,125,12358
3.32,2020-10-01,430,12477
3.32,2020-11-01,109,12818
3.32,2020-12-01,48,11570
3.32,2021-01-01,79,12213
3.32,2021-02-01,102.14973861090365,12111
3.32,2021-03-01,95,13945
3.32,2021-04-01,135,12342
3.32,2021-05-01,116,11317
3.32,2021-06-01,1037,12592
3.32,2021-07-01,1248,13756
3.32,2021-08-01,1271,12769
3.32,2021-09-01,1283,13718
3.32,2021-10-01,1423,13216
3.32,2021-11-01,1227,12493
3.32,2021-12-01,871,10038
3.32,2022-01-01,1391,13859
3.32,2022-02-01,1016,12192
3.32,2022-03-01,1211,14739
3.32,2022-04-01,841,13492
3.32,2022-05-01,1010,12532
3.32,2022-06-01,744,12532
3.32,2022-07-01,332,12644
3.32,2022-08-01,341,12519
3.32,2022-09-01,540,11935
3.32,2022-10-01,506,11951
3.32,2022-11-01,513,11252
3.32,2022-12-01,484,10505
3.32,2023-01-01,558,12225
3.32,2023-02-01,498,11717
3.32,2023-03-01,666,12785
3.32,2023-04-01,568,11258
3.32,2023-05-01,609,11227
3.32,2023-06-01,476,11227
3.32,2023-07-01,526,11790
3.32,2023-08-01,622,11709
3.32,2023-09-01,602,10866
3.32,2023-10-01,691,11514
3.32,2023-11-01,829,11750
3.32,2023-12-01,579,9391
3.32,2024-01-01,877,11516
3.32,2024-02-01,610,11731
3.32,2024-03-01,534,11537
3.32,2024-04-01,1084,11839
3.32,2024-05-01,637,10242
3.32,2024-06-01,388,10809
3.32,2024-07-01,558,12154
3.32,2024-08-01,215,11365
3.32,2024-09-01,452,10557
3.32,2024-10-01,599,11797
3.32,2024-11-01,587,10973
3.32,2024-12-01,419,8997
3.32,2025-01-01,764,11595
3.32,2025-02-01,562,11454
3.32,2025-03-01,584,12268
3.32,2025-04-01,428,10990
3.32,2025-05-01,381,10695
3.32,2025-06-01,233,10115
3.32,2025-07-01,262,11357
3.32,2025-08-01,208,9832
3.32,2025-09-01,225,11222
3.32,2025-10-01,221,11117
3.32,2025-11-01,268,10790
3.32,2025-12-01,334,9741
3.32,2026-01-01,327,10194
3.32,2026-02-01,387,10834
3.32,2026-03-01,430,11616
3.32,2026-04-01,352,10190
3.32,2026-05-01,396,8784
3.32,2026-06-01,400,11729
3.32,2026-07-01,560,11998
3.32,2026-08-01,,0
3.32,2026-09-01,,0
3.32,2026-10-01,,0
3.32,2026-11-01,,0
3.32,2026-12-01,,0
3.33,2019-05-01,0,7870
3.33,2019-06-01,0,6585
3.33,2019-07-01,0,8677
3.33,2019-08-01,0,8253
3.33,2019-09-01,0,7523
3.33,2019-10-01,4910,7858
3.33,2019-11-01,5450,8701
3.33,2019-12-01,4254,7141
3.33,2020-01-01,5532,8773
3.33,2020-02-01,5326,8022
3.33,2020-03-01,5720,8425
3.33,2020-04-01,5062,7433
3.33,2020-05-01,4425,6539
3.33,2020-06-01,4361,6556
3.33,2020-07-01,5178,7801
3.33,2020-08-01,4799,7222
3.33,2020-09-01,5304,7803
3.33,2020-10-01,5433,7724
3.33,2020-11-01,5798,8101
3.33,2020-12-01,5095,7396
3.33,2021-01-01,5430,7776
3.33,2021-02-01,5574,7749
3.33,2021-03-01,6394,8893
3.33,2021-04-01,5512,8023
3.33,2021-05-01,5154,7205
3.33,2021-06-01,5571,7867
3.33,2021-07-01,5967,8850
3.33,2021-08-01,5929,8444
3.33,2021-09-01,6259,9070
3.33,2021-10-01,5917,8491
3.33,2021-11-01,5681,8169
3.33,2021-12-01,4524,6236
3.33,2022-01-01,5987,9389
3.33,2022-02-01,5794,8488
3.33,2022-03-01,7675,10271
3.33,2022-04-01,5616,8312
3.33,2022-05-01,5414,7673
3.33,2022-06-01,5486,7732
3.33,2022-07-01,5501,7860
3.33,2022-08-01,5918,7577
3.33,2022-09-01,5827,7726
3.33,2022-10-01,5563,7854
3.33,2022-11-01,5661,7167
3.33,2022-12-01,4934,6864
3.33,2023-01-01,5904,7942
3.33,2023-02-01,5633,7684
3.33,2023-03-01,6051,8152
3.33,2023-04-01,5349,7379
3.33,2023-05-01,5386,7388
3.33,2023-06-01,5571,7443
3.33,2023-07-01,5313,7840
3.33,2023-08-01,5587,7899
3.33,2023-09-01,5847,7672
3.33,2023-10-01,5732,8221
3.33,2023-11-01,6460,8422
3.33,2023-12-01,4838,6563
3.33,2024-01-01,6625,7923
3.33,2024-02-01,6846,8141
3.33,2024-03-01,6712,7983
3.33,2024-04-01,6782,8174
3.33,2024-05-01,5869,6893
3.33,2024-06-01,6222,7260
3.33,2024-07-01,6941,8350
3.33,2024-08-01,6498,7839
3.33,2024-09-01,5984,7211
3.33,2024-10-01,6721,8078
3.33,2024-11-01,6158,7524
3.33,2024-12-01,4989,6121
3.33,2025-01-01,6674,8154
3.33,2025-02-01,6418,8065
3.33,2025-03-01,7130,8764
3.33,2025-04-01,6307,7496
3.33,2025-05-01,6285,7297
3.33,2025-06-01,5877,6732
3.33,2025-07-01,6557,7499
3.33,2025-08-01,5713,6514
3.33,2025-09-01,6633,7604
3.33,2025-10-01,6586,7354
3.33,2025-11-01,6442,7345
3.33,2025-12-01,5345,6305
3.33,2026-01-01,6008,6799
3.33,2026-02-01,6593,7464
3.33,2026-03-01,7032,7973
3.33,2026-04-01,6193,6951
3.33,2026-05-01,5187,5963
3.33,2026-06-01,6929,7899
3.33,2026-07-01,4574,7806
3.33,2026-08-01,0,0
3.33,2026-09-01,0,0
3.33,2026-10-01,0,0
3.33,2026-11-01,0,0
3.33,2026-12-01,0,0
3.4,2019-05-01,6435,11508
3.4,2019-06-01,5381,9567
3.4,2019-07-01,7355,12587
3.4,2019-08-01,6718,11821
3.4,2019-09-01,6528,11006
3.4,2019-10-01,6539,11449
3.4,2019-11-01,7179,12629
3.4,2019-12-01,6160,10414
3.4,2020-01-01,7432,12964
3.4,2020-02-01,6970,12296
3.4,2020-03-01,7285,13005
3.4,2020-04-01,6845,11907
3.4,2020-05-01,5929,10354
3.4,2020-06-01,6096,10457
3.4,2020-07-01,7263,12441
3.4,2020-08-01,6547,11346
3.4,2020-09-01,7054,12358
3.4,2020-10-01,7044,12477
3.4,2020-11-01,7020,12818
3.4,2020-12-01,6475,11570
3.4,2021-01-01,6783,12213
3.4,2021-02-01,6537,12111
3.4,2021-03-01,7551,13945
3.4,2021-04-01,6830,12342
3.4,2021-05-01,6163,11317
3.4,2021-06-01,7021,12592
3.4,2021-07-01,7769,13756
3.4,2021-08-01,6840,12769
3.4,2021-09-01,7459,13718
3.4,2021-10-01,7058,13216
3.4,2021-11-01,7035,12493
3.4,2021-12-01,5514,10038
3.4,2022-01-01,7872,13859
3.4,2022-02-01,6655,12192
3.4,2022-03-01,7368,14739
3.4,2022-04-01,7113,13492
3.4,2022-05-01,6736,12532
3.4,2022-06-01,6693,12532
3.4,2022-07-01,6727,12644
3.4,2022-08-01,6894,12519
3.4,2022-09-01,6023,11935
3.4,2022-10-01,6304,11951
3.4,2022-11-01,5591,11252
3.4,2022-12-01,5551,10505
3.4,2023-01-01,6299,12225
3.4,2023-02-01,6056,11717
3.4,2023-03-01,6710,12785
3.4,2023-04-01,5890,11258
3.4,2023-05-01,5816,11227
3.4,2023-06-01,5634,11227
3.4,2023-07-01,5887,11790
3.4,2023-08-01,5627,11709
3.4,2023-09-01,5002,10866
3.4,2023-10-01,5290,11514
3.4,2023-11-01,5263,11750
3.4,2023-12-01,4522,9391
3.4,2024-01-01,4891,11516
3.4,2024-02-01,4885,11731
3.4,2024-03-01,4861,11537
3.4,2024-04-01,5057,11839
3.4,2024-05-01,4534,10242
3.4,2024-06-01,4748,10809
3.4,2024-07-01,5213,12154
3.4,2024-08-01,4867,11365
3.4,2024-09-01,4573,10557
3.4,2024-10-01,5076,11797
3.4,2024-11-01,4815,10973
3.4,2024-12-01,4008,8997
3.4,2025-01-01,4921,11595
3.4,2025-02-01,5036,11454
3.4,2025-03-01,5138,12268
3.4,2025-04-01,4683,10990
3.4,2025-05-01,4410,10695
3.4,2025-06-01,4238,10115
3.4,2025-07-01,4800,11357
3.4,2025-08-01,4119,9832
3.4,2025-09-01,4589,11222
3.4,2025-10-01,4531,11117
3.4,2025-11-01,4348,10790
3.4,2025-12-01,4396,9741
3.4,2026-01-01,4186,10194
3.4,2026-02-01,4241,10834
3.4,2026-03-01,4584,11616
3.4,2026-04-01,3997,10190
3.4,2026-05-01,3597,8784
3.4,2026-06-01,4800,11729
3.4,2026-07-01,5111,11998
3.5,2019-05-01,4265,11508
3.5,2019-06-01,4546,9567
3.5,2019-07-01,4375,12587
3.5,2019-08-01,5325,11821
3.5,2019-09-01,5075,11006
3.5,2019-10-01,5408,11449
3.5,2019-11-01,5617,12629
3.5,2019-12-01,4571,10414
3.5,2020-01-01,5497,12964
3.5,2020-02-01,4915,12296
3.5,2020-03-01,5287,13005
3.5,2020-04-01,4783,11907
3.5,2020-05-01,4293,10354
3.5,2020-06-01,4420,10457
3.5,2020-07-01,5234,12441
3.5,2020-08-01,4630,11346
3.5,2020-09-01,5023,12358
3.5,2020-10-01,5105,12477
3.5,2020-11-01,4954,12818
3.5,2020-12-01,4587,11570
3.5,2021-01-01,4757,12213
3.5,2021-02-01,4632,12111
3.5,2021-03-01,5420,13945
3.5,2021-04-01,4825,12342
3.5,2021-05-01,4374,11317
3.5,2021-06-01,5044,12592
3.5,2021-07-01,5115,13756
3.5,2021-08-01,4942,12769
3.5,2021-09-01,5548,13718
3.5,2021-10-01,5487,13216
3.5,2021-11-01,4930,12493
3.5,2021-12-01,3972,10038
3.5,2022-01-01,6137,13859
3.5,2022-02-01,5032,12192
3.5,2022-03-01,5799,14739
3.5,2022-04-01,5604,13492
3.5,2022-05-01,5078,12532
3.5,2022-06-01,5026,12532
3.5,2022-07-01,5026,12644
3.5,2022-08-01,3825,12519
3.5,2022-09-01,4445,11935
3.5,2022-10-01,4348,11951
3.5,2022-11-01,3275,11252
3.5,2022-12-01,2901,10505
3.5,2023-01-01,3130,12225
3.5,2023-02-01,3148,11717
3.5,2023-03-01,3415,12785
3.5,2023-04-01,893,11258
3.5,2023-05-01,2863,11227
3.5,2023-06-01,2886,11227
3.5,2023-07-01,2886,11790
3.5,2023-08-01,2702,11709
3.5,2023-09-01,2191,10866
3.5,2023-10-01,2313,11514
3.5,2023-11-01,2411,11750
3.5,2023-12-01,2057,9391
3.5,2024-01-01,3755,11516
3.5,2024-02-01,3800,11731
3.5,2024-03-01,3760,11537
3.5,2024-04-01,3860,11839
3.5,2024-05-01,3507,10242
3.5,2024-06-01,3633,10809
3.5,2024-07-01,3924,12154
3.5,2024-08-01,3678,11365
3.5,2024-09-01,3454,10557
3.5,2024-10-01,3888,11797
3.5,2024-11-01,3602,10973
3.5,2024-12-01,3156,8997
3.5,2025-01-01,3726,11595
3.5,2025-02-01,3680,11454
3.5,2025-03-01,3795,12268
3.5,2025-04-01,3519,10990
3.5,2025-05-01,3466,10695
3.5,2025-06-01,3273,10115
3.5,2025-07-01,3666,11357
3.5,2025-08-01,3167,9832
3.5,2025-09-01,3497,11222
3.5,2025-10-01,3445,11117
3.5,2025-11-01,3304,10790
3.5,2025-12-01,3401,9741
3.5,2026-01-01,3195,10194
3.5,2026-02-01,3200,10834
3.5,2026-03-01,3540,11616
3.5,2026-04-01,3051,10190
3.5,2026-05-01,2818,8784
3.5,2026-06-01,3725,11729
3.5,2026-07-01,3888,11998
3.6,2019-05-01,10838,11508
3.6,2019-06-01,8974.8027,9567
3.6,2019-07-01,11667.865,12587
3.6,2019-08-01,11183.8481,11821
3.6,2019-09-01,10413.8772,11006
3.6,2019-10-01,10763.2049,11449
3.6,2019-11-01,11983.658099999999,12629
3.6,2019-12-01,9893.3,10414
3.6,2020-01-01,12503.592385218359,12964
3.6,2020-02-01,11748.330397207907,12296
3.6,2020-03-01,12468.143148642279,13005
3.6,2020-04-01,11457.563609848165,11907
3.6,2020-05-01,9965.813829787237,10354
3.6,2020-06-01,10028.05772048051,10457
3.6,2020-07-01,11973.208573309204,12441
3.6,2020-08-01,11042.707212055971,11346
3.6,2020-09-01,12046.145472538346,12358
3.6,2020-10-01,12144.970458984375,12477
3.6,2020-11-01,12509.572581921802,12818
3.6,2020-12-01,11267.669364772124,11570
3.6,2021-01-01,11857.161388396247,12213
3.6,2021-02-01,11844.456652719664,12111
3.6,2021-03-01,13624.202877382611,13945
3.6,2021-04-01,12040.428925210494,12342
3.6,2021-05-01,11097.57940301199,11317
3.6,2021-06-01,12592,12592
3.6,2021-07-01,13756,13756
3.6,2021-08-01,12769,12769
3.6,2021-09-01,13718,13718
3.6,2021-10-01,13216,13216
3.6,2021-11-01,12493,12493
3.6,2021-12-01,10038,10038
3.6,2022-01-01,13859,13859
3.6,2022-02-01,12192,12192
3.6,2022-03-01,14739,14739
3.6,2022-04-01,13492,13492
3.6,2022-05-01,12532,12532
3.6,2022-06-01,12532,12532
3.6,2022-07-01,12644,12644
3.6,2022-08-01,12519,12519
3.6,2022-09-01,11935,11935
3.6,2022-10-01,11951,11951
3.6,2022-11-01,11252,11252
3.6,2022-12-01,10505,10505
3.6,2023-01-01,12225,12225
3.6,2023-02-01,11717,11717
3.6,2023-03-01,12785,12785
3.6,2023-04-01,11258,11258
3.6,2023-05-01,11227,11227
3.6,2023-06-01,11227,11227
3.6,2023-07-01,11790,11790
3.6,2023-08-01,11709,11709
3.6,2023-09-01,10866,10866
3.6,2023-10-01,11514,11514
3.6,2023-11-01,11750,11750
3.6,2023-12-01,9391,9391
3.6,2024-01-01,11516,11516
3.6,2024-02-01,11731,11731
3.6,2024-03-01,11537,11537
3.6,2024-04-01,11839,11839
3.6,2024-05-01,10242,10242
3.6,2024-06-01,10809,10809
3.6,2024-07-01,12154,12154
3.6,2024-08-01,11365,11365
3.6,2024-09-01,10557,10557
3.6,2024-10-01,11797,11797
3.6,2024-11-01,10973,10973
3.6,2024-12-01,8997,8997
3.6,2025-01-01,11595,11595
3.6,2025-02-01,11454,11454
3.6,2025-03-01,12268,12268
3.6,2025-04-01,10990,10990
3.6,2025-05-01,10695,10695
3.6,2025-06-01,10115,10115
3.6,2025-07-01,11357,11357
3.6,2025-08-01,9832,9832
3.6,2025-09-01,11222,11222
3.6,2025-10-01,11117,11117
3.6,2025-11-01,10790,10790
3.6,2025-12-01,9741,9741
3.6,2026-01-01,10194,10194
3.6,2026-02-01,10834,10834
3.6,2026-03-01,11616,11616
3.6,2026-04-01,10190,10190
3.6,2026-05-01,8784,8784
3.6,2026-06-01,11729,11729
3.6,2026-07-01,11998,11998
4.1,2019-05-01,5000,11508
4.1,2019-06-01,4007,9567
4.1,2019-07-01,5226,12587
4.1,2019-08-01,4862,11821
4.1,2019-09-01,4848,11006
4.1,2019-10-01,4873,11449
4.1,2019-11-01,5392,12629
4.1,2019-12-01,4546,10414
4.1,2020-01-01,6011,12964
4.1,2020-02-01,6047,12296
4.1,2020-03-01,6629,13005
4.1,2020-04-01,6242,11907
4.1,2020-05-01,5552,10354
4.1,2020-06-01,5613,10457
4.1,2020-07-01,6711,12441
4.1,2020-08-01,6715,11346
4.1,2020-09-01,7712,12358
4.1,2020-10-01,8213,12477
4.1,2020-11-01,8412,12818
4.1,2020-12-01,7348,11570
4.1,2021-01-01,7845,12213
4.1,2021-02-01,7739,12111
4.1,2021-03-01,9118,13945
4.1,2021-04-01,7716,12342
4.1,2021-05-01,7391,11317
4.1,2021-06-01,8389,12592
4.1,2021-07-01,6975,13756
4.1,2021-08-01,6506,12769
4.1,2021-09-01,7589,13718
4.1,2021-10-01,6971,13216
4.1,2021-11-01,,12493
4.1,2021-12-01,,10038
4.1,2022-01-01,,13859
4.1,2022-02-01,,12192
4.1,2022-03-01,,14739
4.1,2022-04-01,,13492
4.1,2022-05-01,,12532
4.1,2022-06-01,,12532
4.1,2022-07-01,,12644
4.1,2022-08-01,,12519
4.1,2022-09-01,,11935
4.1,2022-10-01,,11951
4.1,2022-11-01,,11252
4.1,2022-12-01,,10505
4.1,2023-01-01,,12225
4.1,2023-02-01,,11717
4.1,2023-03-01,,12785
4.1,2023-04-01,,11258
4.1,2023-05-01,,11227
4.1,2023-06-01,,11227
4.1,2023-07-01,,11790
4.1,2023-08-01,,11709
4.1,2023-09-01,,10866
4.1,2023-10-01,,11514
4.1,2023-11-01,,11750
4.1,2023-12-01,,9391
4.1,2024-01-01,,11516
4.1,2024-02-01,,11731
4.1,2024-03-01,,11537
4.1,2024-04-01,,11839
4.1,2024-05-01,,10242
4.1,2024-06-01,,10809
4.1,2024-07-01,,12154
4.1,2024-08-01,,11365
4.1,2024-09-01,,10557
4.1,2024-10-01,,11797
4.1,2024-11-01,,10973
4.1,2024-12-01,,8997
4.1,2025-01-01,,11595
4.1,2025-02-01,,11454
4.1,2025-03-01,,12268
4.1,2025-04-01,,10990
4.1,2025-05-01,,10695
4.1,2025-06-01,,10115
4.1,2025-07-01,,11357
4.1,2025-08-01,,9832
4.1,2025-09-01,,11222
4.1,2025-10-01,,11117
4.1,2025-11-01,,10790
4.1,2025-12-01,,9741
4.11,2019-05-01,,11508
4.11,2019-06-01,,9567
4.11,2019-07-01,,12587
4.11,2019-08-01,,11821
4.11,2019-09-01,,11006
4.11,2019-10-01,,11449
4.11,2019-11-01,,12629
4.11,2019-12-01,,10414
4.11,2020-01-01,,12964
4.11,2020-02-01,,12296
4.11,2020-03-01,,13005
4.11,2020-04-01,,11907
4.11,2020-05-01,,10354
4.11,2020-06-01,,10457
4.11,2020-07-01,,12441
4.11,2020-08-01,,11346
4.11,2020-09-01,,12358
4.11,2020-10-01,,12477
4.11,2020-11-01,,12818
4.11,2020-12-01,,11570
4.11,2021-01-01,,12213
4.11,2021-02-01,,12111
4.11,2021-03-01,,13945
4.11,2021-04-01,,12342
4.11,2021-05-01,,11317
4.11,2021-06-01,524,12592
4.11,2021-07-01,593,13756
4.11,2021-08-01,406,12769
4.11,2021-09-01,517,13718
4.11,2021-10-01,1356,13216
4.11,2021-11-01,1998,12493
4.11,2021-12-01,1707,10038
4.11,2022-01-01,1483,13859
4.11,2022-02-01,1931,12192
4.11,2022-03-01,2898,14739
4.11,2022-04-01,2363,13492
4.11,2022-05-01,2584,12532
4.11,2022-06-01,2771,12532
4.11,2022-07-01,3655,12644
4.11,2022-08-01,3953,12519
4.11,2022-09-01,3764,11935
4.11,2022-10-01,3982,11951
4.11,2022-11-01,4011,11252
4.11,2022-12-01,3336,10505
4.11,2023-01-01,3761,12225
4.11,2023-02-01,3464,11717
4.11,2023-03-01,3729,12785
4.11,2023-04-01,3499,11258
4.11,2023-05-01,3435,11227
4.11,2023-06-01,3541,11227
4.11,2023-07-01,3858,11790
4.11,2023-08-01,4232,11709
4.11,2023-09-01,4466,10866
4.11,2023-10-01,4642,11514
4.11,2023-11-01,4812,11750
4.11,2023-12-01,3979,9391
4.11,2024-01-01,4588,11516
4.11,2024-02-01,4502,11731
4.11,2024-03-01,4326,11537
4.11,2024-04-01,4344,11839
4.11,2024-05-01,4025,10242
4.11,2024-06-01,4934,10809
4.11,2024-07-01,5320,12154
4.11,2024-08-01,4931,11365
4.11,2024-09-01,4732,10557
4.11,2024-10-01,5597,11797
4.11,2024-11-01,4930,10973
4.11,2024-12-01,3987,8997
4.11,2025-01-01,5372,11595
4.11,2025-02-01,5499,11454
4.11,2025-03-01,5650,12268
4.11,2025-04-01,5258,10990
4.11,2025-05-01,5350,10695
4.11,2025-06-01,5145,10115
4.11,2025-07-01,5776,11357
4.11,2025-08-01,5050,9832
4.11,2025-09-01,5561,11222
4.11,2025-10-01,5323,11117
4.11,2025-11-01,5320,10790
4.11,2025-12-01,4750,9741
4.11,2026-01-01,5146,10194
4.11,2026-02-01,5256,10834
4.11,2026-03-01,5640,11616
4.11,2026-04-01,5194,10190
4.11,2026-05-01,4424,8784
4.11,2026-06-01,5857,11729
4.11,2026-07-01,5877,11998
4.12,2019-05-01,,11508
4.12,2019-06-01,,9567
4.12,2019-07-01,,12587
4.12,2019-08-01,,11821
4.12,2019-09-01,,11006
4.12,2019-10-01,1282,11449
4.12,2019-11-01,1464,12629
4.12,2019-12-01,1273,10414
4.12,2020-01-01,1820,12964
4.12,2020-02-01,1773,12296
4.12,2020-03-01,2049,13005
4.12,2020-04-01,1768,11907
4.12,2020-05-01,1568,10354
4.12,2020-06-01,1570,10457
4.12,2020-07-01,1873,12441
4.12,2020-08-01,2373,11346
4.12,2020-09-01,2851,12358
4.12,2020-10-01,3085,12477
4.12,2020-11-01,3286,12818
4.12,2020-12-01,2856,11570
4.12,2021-01-01,3064,12213
4.12,2021-02-01,3033,12111
4.12,2021-03-01,3681,13945
4.12,2021-04-01,3042,12342
4.12,2021-05-01,2936.0000000000005,11317
4.12,2021-06-01,3241,12592
4.12,2021-07-01,3293,13756
4.12,2021-08-01,3055,12769
4.12,2021-09-01,3695,13718
4.12,2021-10-01,3241,13216
4.12,2021-11-01,3656,12493
4.12,2021-12-01,2712,10038
4.12,2022-01-01,3075,13859
4.12,2022-02-01,2834,12192
4.12,2022-03-01,3534,14739
4.12,2022-04-01,2929,13492
4.12,2022-05-01,2956,12532
4.12,2022-06-01,,12532
4.12,2022-07-01,2864,12644
4.12,2022-08-01,2952,12519
4.12,2022-09-01,2739,11935
4.12,2022-10-01,2797,11951
4.12,2022-11-01,2708,11252
4.12,2022-12-01,2228,10505
4.12,2023-01-01,2586,12225
4.12,2023-02-01,2478,11717
4.12,2023-03-01,2639,12785
4.12,2023-04-01,2325,11258
4.12,2023-05-01,2265,11227
4.12,2023-06-01,2238,11227
4.12,2023-07-01,2007,11790
4.12,2023-08-01,2020,11709
4.12,2023-09-01,2193,10866
4.12,2023-10-01,1878,11514
4.12,2023-11-01,2624,11750
4.12,2023-12-01,2785,9391
4.12,2024-01-01,4492,11516
4.12,2024-02-01,4758,11731
4.12,2024-03-01,4633,11537
4.12,2024-04-01,4418,11839
4.12,2024-05-01,4063,10242
4.12,2024-06-01,4751,10809
4.12,2024-07-01,5105,12154
4.12,2024-08-01,4459,11365
4.12,2024-09-01,4213,10557
4.12,2024-10-01,4639,11797
4.12,2024-11-01,4409,10973
4.12,2024-12-01,3755,8997
4.12,2025-01-01,4896,11595
4.12,2025-02-01,4826,11454
4.12,2025-03-01,5210,12268
4.12,2025-04-01,4810,10990
4.12,2025-05-01,4713,10695
4.12,2025-06-01,4621,10115
4.12,2025-07-01,5418,11357
4.12,2025-08-01,4448,9832
4.12,2025-09-01,4998,11222
4.12,2025-10-01,4652,11117
4.12,2025-11-01,4222,10790
4.12,2025-12-01,4240,9741
4.12,2026-01-01,4572,10194
4.12,2026-02-01,4370,10834
4.12,2026-03-01,4883,11616
4.12,2026-04-01,4376,10190
4.12,2026-05-01,3797,8784
4.12,2026-06-01,5031,11729
4.12,2026-07-01,5371,11998
5.4,2019-05-01,6,
5.4,2019-06-01,6,
5.4,2019-07-01,6,
5.4,2019-08-01,6,
5.4,2019-09-01,6,
5.4,2019-10-01,6,
5.4,2019-11-01,7,
5.4,2019-12-01,7,
5.4,2020-01-01,7,
5.4,2020-02-01,8,
5.4,2020-03-01,8,
5.4,2020-04-01,8,
5.4,2020-05-01,8,
5.4,2020-06-01,8,
5.4,2020-07-01,9,
5.4,2020-08-01,9,
5.4,2020-09-01,9,
5.4,2020-10-01,9,
5.4,2020-11-01,9,
5.4,2020-12-01,9,
5.4,2021-01-01,9,
5.4,2021-02-01,9,
5.4,2021-03-01,9,
5.4,2021-04-01,9,
5.4,2022-09-01,3,
5.4,2022-10-01,3,
5.4,2022-11-01,3,
5.4,2022-12-01,3,
5.4,2023-01-01,3,
5.4,2023-02-01,3,
5.4,2023-03-01,3,
5.4,2023-04-01,3,
5.4,2023-05-01,3,
5.4,2023-06-01,3,
5.4,2023-07-01,3,
5.4,2023-08-01,3,
5.4,2023-09-01,3,
5.4,2023-10-01,3,
5.4,2023-11-01,3,
5.4,2023-12-01,3,
5.4,2024-01-01,3,
5.4,2024-02-01,3,
5.4,2024-03-01,3,
5.4,2024-04-01,3,
5.4,2024-05-01,3,
